[
    {
        "name": "Eiffel Tower",
        "location": "Paris",
        "tags": ["landmark", "architecture", "sightseeing"],
        "description": "A wrought-iron lattice tower on the Champ de Mars, a global cultural icon of France."
    },
    {
        "name": "Louvre Museum",
        "location": "Paris",
        "tags": ["museum", "art", "history"],
        "description": "The world's largest art museum and a historic monument in Paris, France."
    },
    {
        "name": "Notre-Dame Cathedral",
        "location": "Paris",
        "tags": ["architecture", "history", "landmark"],
        "description": "A medieval Catholic cathedral known for its Gothic architecture and rich history."
    },
    {
        "name": "Mount Fuji",
        "location": "Tokyo",
        "tags": ["mountain", "hiking", "nature"],
        "description": "An active volcano and the tallest peak in Japan, popular for hiking and sightseeing."
    },
    {
        "name": "Tokyo Tower",
        "location": "Tokyo",
        "tags": ["landmark", "architecture", "sightseeing"],
        "description": "A communications and observation tower inspired by the Eiffel Tower in Paris."
    },
    {
        "name": "Meiji Shrine",
        "location": "Tokyo",
        "tags": ["temple", "history", "culture"],
        "description": "A Shinto shrine dedicated to Emperor Meiji and Empress Shoken, located in a serene forest."
    },
    {
        "name": "Central Park",
        "location": "New York",
        "tags": ["park", "nature", "recreation"],
        "description": "A large public park in New York City, offering walking paths, lakes, and open spaces."
    },
    {
        "name": "Times Square",
        "location": "New York",
        "tags": ["landmark", "shopping", "entertainment"],
        "description": "A bustling commercial and entertainment hub known for its bright lights and billboards."
    },
    {
        "name": "Statue of Liberty",
        "location": "New York",
        "tags": ["landmark", "history", "sightseeing"],
        "description": "A symbol of freedom and democracy, located on Liberty Island."
    },
    {
        "name": "Sydney Opera House",
        "location": "Sydney",
        "tags": ["architecture", "landmark", "art"],
        "description": "An iconic performing arts venue with distinctive sail-shaped architecture."
    },
    {
        "name": "Bondi Beach",
        "location": "Sydney",
        "tags": ["beach", "surfing", "recreation"],
        "description": "A popular beach known for surfing, sunbathing, and coastal walks."
    },
    {
        "name": "Great Wall of China",
        "location": "Beijing",
        "tags": ["landmark", "history", "architecture"],
        "description": "A series of fortifications built to protect ancient China from invaders."
    },
    {
        "name": "Forbidden City",
        "location": "Beijing",
        "tags": ["museum", "history", "culture"],
        "description": "A palace complex in central Beijing that served as the home of emperors."
    },
    {
        "name": "Colosseum",
        "location": "Rome",
        "tags": ["landmark", "history", "architecture"],
        "description": "An ancient amphitheater that hosted gladiator fights and public spectacles."
    },
    {
        "name": "Vatican Museums",
        "location": "Rome",
        "tags": ["museum", "art", "culture"],
        "description": "A collection of art and historical museums located within Vatican City."
    },
    {
        "name": "Santorini Beaches",
        "location": "Santorini",
        "tags": ["beach", "nature", "recreation"],
        "description": "Famous for its black and red sand beaches, ideal for relaxation and swimming."
    },
    {
        "name": "Oia Village",
        "location": "Santorini",
        "tags": ["sightseeing", "culture", "architecture"],
        "description": "A picturesque village known for its whitewashed houses and sunsets."
    },
    {
        "name": "Christ the Redeemer",
        "location": "Rio de Janeiro",
        "tags": ["landmark", "architecture", "sightseeing"],
        "description": "A colossal statue of Jesus Christ overlooking the city of Rio."
    },
    {
        "name": "Copacabana Beach",
        "location": "Rio de Janeiro",
        "tags": ["beach", "recreation", "surfing"],
        "description": "A vibrant beach known for its lively atmosphere and beautiful coastline."
    },
    {
        "name": "Table Mountain",
        "location": "Cape Town",
        "tags": ["mountain", "hiking", "nature"],
        "description": "A flat-topped mountain offering panoramic views of Cape Town."
    },
    {
        "name": "Cape Point",
        "location": "Cape Town",
        "tags": ["nature", "sightseeing", "hiking"],
        "description": "A scenic promontory at the southern tip of the Cape Peninsula."
    },
    {
        "name": "Grand Canyon",
        "location": "Arizona",
        "tags": ["nature", "hiking", "sightseeing"],
        "description": "A massive canyon carved by the Colorado River, offering breathtaking views."
    },
    {
        "name": "Niagara Falls",
        "location": "Canada",
        "tags": ["nature", "sightseeing", "waterfalls"],
        "description": "A set of massive waterfalls located on the border between the U.S. and Canada."
    },
    {
        "name": "Banff National Park",
        "location": "Canada",
        "tags": ["nature", "hiking", "wildlife"],
        "description": "A beautiful national park in the Canadian Rockies, known for its lakes and wildlife."
    },
    {
        "name": "Pyramids of Giza",
        "location": "Cairo",
        "tags": ["landmark", "history", "architecture"],
        "description": "Ancient pyramids that are among the Seven Wonders of the Ancient World."
    },
    {
        "name": "The British Museum",
        "location": "London",
        "tags": ["museum", "art", "history"],
        "description": "A public institution dedicated to human history, art, and culture."
    },
    {
        "name": "Big Ben",
        "location": "London",
        "tags": ["landmark", "architecture", "sightseeing"],
        "description": "The nickname for the Great Bell of the clock at the north end of the Palace of Westminster."
    },
    {
        "name": "Burj Khalifa",
        "location": "Dubai",
        "tags": ["landmark", "architecture", "sightseeing"],
        "description": "The tallest building in the world, offering observation decks with panoramic views."
    },
    {
        "name": "Dubai Mall",
        "location": "Dubai",
        "tags": ["shopping", "entertainment", "recreation"],
        "description": "The world's largest shopping mall, featuring an aquarium, ice rink, and many shops."
    }
]
