[
    {
        "name": "Tokyo Tower",
        "description": "A communications and observation tower located in the Shiba-koen district.",
        "location": "Tokyo",
        "tags": ["sightseeing", "landmark"],
        "cost": 25.00
    },
    {
        "name": "Shibuya Crossing",
        "description": "Famous intersection and a bustling area known for its shopping.",
        "location": "Tokyo",
        "tags": ["shopping", "culture"],
        "cost": 0.00
    },
    {
        "name": "Meiji Shrine",
        "description": "A Shinto shrine dedicated to Emperor Meiji and Empress Shoken.",
        "location": "Tokyo",
        "tags": ["culture", "temple"],
        "cost": 0.00
    },
    {
        "name": "Ueno Park",
        "description": "A large public park in Tokyo with museums, a zoo, and cherry blossoms.",
        "location": "Tokyo",
        "tags": ["nature", "sightseeing"],
        "cost": 0.00
    },
    {
        "name": "Tsukiji Outer Market",
        "description": "A vibrant market known for fresh seafood and produce.",
        "location": "Tokyo",
        "tags": ["food", "culture"],
        "cost": 30.00
    },
    {
        "name": "Odaiba",
        "description": "A popular shopping and entertainment district on a man-made island.",
        "location": "Tokyo",
        "tags": ["shopping", "entertainment"],
        "cost": 20.00
    },
    {
        "name": "Tokyo Disneyland",
        "description": "A world-famous theme park with rides and attractions.",
        "location": "Tokyo",
        "tags": ["entertainment", "family"],
        "cost": 80.00
    },
    {
        "name": "Asakusa Temple",
        "description": "One of Tokyo's oldest temples, known for its historic significance.",
        "location": "Tokyo",
        "tags": ["culture", "temple"],
        "cost": 0.00
    },
    {
        "name": "Akihabara",
        "description": "Famous district for electronics and otaku culture.",
        "location": "Tokyo",
        "tags": ["shopping", "culture"],
        "cost": 0.00
    },
    {
        "name": "Ginza",
        "description": "A district known for luxury shopping and fine dining.",
        "location": "Tokyo",
        "tags": ["shopping", "food"],
        "cost": 50.00
    }
]
